country,code,region,year,spending,life_expectancy
Argentina,ARG,Americas,2011,1721,76.1
Argentina,ARG,Americas,2012,1823,75.8
Argentina,ARG,Americas,2013,1898,75.8
Argentina,ARG,Americas,2014,1837,76.3
Argentina,ARG,Americas,2015,1979,76.6
Argentina,ARG,Americas,2016,1956,76.1
Argentina,ARG,Americas,2017,2454,76.5
Argentina,ARG,Americas,2018,2591,76.8
Argentina,ARG,Americas,2019,2463,76.8
Argentina,ARG,Americas,2020,2478,75.9
Argentina,ARG,Americas,2021,3010,73.9
Argentina,ARG,Americas,2022,3231,75.8
Australia,AUS,Asia-Pacific,2011,3809,81.9
Australia,AUS,Asia-Pacific,2012,3854,82.0
Australia,AUS,Asia-Pacific,2013,4088,82.1
Australia,AUS,Asia-Pacific,2014,4556,82.3
Australia,AUS,Asia-Pacific,2015,4756,82.4
Australia,AUS,Asia-Pacific,2016,5037,82.4
Australia,AUS,Asia-Pacific,2017,5077,82.5
Australia,AUS,Asia-Pacific,2018,5226,82.8
Australia,AUS,Asia-Pacific,2019,5281,82.9
Australia,AUS,Asia-Pacific,2020,5855,83.2
Australia,AUS,Asia-Pacific,2021,6592,83.3
Australia,AUS,Asia-Pacific,2022,6982,83.2
Austria,AUT,Western Europe,2011,4365,81.1
Austria,AUT,Western Europe,2012,4605,81.1
Austria,AUT,Western Europe,2013,4782,81.3
Austria,AUT,Western Europe,2014,4881,81.6
Austria,AUT,Western Europe,2015,4983,81.3
Austria,AUT,Western Europe,2016,5250,81.8
Austria,AUT,Western Europe,2017,5381,81.7
Austria,AUT,Western Europe,2018,5578,81.8
Austria,AUT,Western Europe,2019,6016,82.0
Austria,AUT,Western Europe,2020,6295,81.3
Austria,AUT,Western Europe,2021,7465,81.3
Austria,AUT,Western Europe,2022,7920,81.4
Belgium,BEL,Western Europe,2011,4102,80.7
Belgium,BEL,Western Europe,2012,4293,80.5
Belgium,BEL,Western Europe,2013,4481,80.7
Belgium,BEL,Western Europe,2014,4620,81.4
Belgium,BEL,Western Europe,2015,4840,81.1
Belgium,BEL,Western Europe,2016,5036,81.5
Belgium,BEL,Western Europe,2017,5186,81.6
Belgium,BEL,Western Europe,2018,5405,81.7
Belgium,BEL,Western Europe,2019,5806,82.1
Belgium,BEL,Western Europe,2020,6091,80.8
Belgium,BEL,Western Europe,2021,6549,81.9
Belgium,BEL,Western Europe,2022,7078,81.8
Brazil,BRA,Americas,2011,1179,74.0
Brazil,BRA,Americas,2012,1223,74.3
Brazil,BRA,Americas,2013,1299,74.6
Brazil,BRA,Americas,2014,1376,74.8
Brazil,BRA,Americas,2015,1361,75.1
Brazil,BRA,Americas,2016,1340,75.1
Brazil,BRA,Americas,2017,1365,75.4
Brazil,BRA,Americas,2018,1454,75.6
Brazil,BRA,Americas,2019,1547,75.8
Brazil,BRA,Americas,2020,1578,74.5
Brazil,BRA,Americas,2021,1778,73.0
Brazil,BRA,Americas,2022,1898,74.9
Bulgaria,BGR,Central and Eastern Europe,2011,1085,74.2
Bulgaria,BGR,Central and Eastern Europe,2012,1180,74.4
Bulgaria,BGR,Central and Eastern Europe,2013,1178,74.9
Bulgaria,BGR,Central and Eastern Europe,2014,1357,74.5
Bulgaria,BGR,Central and Eastern Europe,2015,1387,74.7
Bulgaria,BGR,Central and Eastern Europe,2016,1545,74.9
Bulgaria,BGR,Central and Eastern Europe,2017,1652,74.8
Bulgaria,BGR,Central and Eastern Europe,2018,1755,75.0
Bulgaria,BGR,Central and Eastern Europe,2019,1885,75.1
Bulgaria,BGR,Central and Eastern Europe,2020,2238,73.3
Bulgaria,BGR,Central and Eastern Europe,2021,2654,71.2
Bulgaria,BGR,Central and Eastern Europe,2022,2803,74.2
Canada,CAN,Americas,2011,4231,81.6
Canada,CAN,Americas,2012,4341,81.8
Canada,CAN,Americas,2013,4434,81.8
Canada,CAN,Americas,2014,4542,81.9
Canada,CAN,Americas,2015,4641,81.9
Canada,CAN,Americas,2016,5049,82.0
Canada,CAN,Americas,2017,5185,81.9
Canada,CAN,Americas,2018,5334,81.9
Canada,CAN,Americas,2019,5395,82.2
Canada,CAN,Americas,2020,6196,81.6
Canada,CAN,Americas,2021,6897,81.6
Canada,CAN,Americas,2022,6910,81.3
Chile,CHL,Americas,2011,1355,79.0
Chile,CHL,Americas,2012,1485,79.2
Chile,CHL,Americas,2013,1658,79.4
Chile,CHL,Americas,2014,1755,79.6
Chile,CHL,Americas,2015,1834,79.8
Chile,CHL,Americas,2016,1941,80.0
Chile,CHL,Americas,2017,2120,80.2
Chile,CHL,Americas,2018,2263,80.4
Chile,CHL,Americas,2019,2389,80.6
Chile,CHL,Americas,2020,2489,80.8
Chile,CHL,Americas,2021,2848,81.0
Chile,CHL,Americas,2022,3130,81.2
China (People’s Republic of),CHN,Asia-Pacific,2011,444,75.9
China (People’s Republic of),CHN,Asia-Pacific,2012,514,76.2
China (People’s Republic of),CHN,Asia-Pacific,2013,567,76.5
China (People’s Republic of),CHN,Asia-Pacific,2014,600,76.7
China (People’s Republic of),CHN,Asia-Pacific,2015,640,77.0
China (People’s Republic of),CHN,Asia-Pacific,2016,673,77.2
China (People’s Republic of),CHN,Asia-Pacific,2017,773,77.2
China (People’s Republic of),CHN,Asia-Pacific,2018,851,77.7
China (People’s Republic of),CHN,Asia-Pacific,2019,949,77.9
China (People’s Republic of),CHN,Asia-Pacific,2020,1030,78.0
China (People’s Republic of),CHN,Asia-Pacific,2021,1109,78.1
China (People’s Republic of),CHN,Asia-Pacific,2022,1373,78.2
Colombia,COL,Americas,2011,818,74.5
Colombia,COL,Americas,2012,868,74.7
Colombia,COL,Americas,2013,960,75.0
Colombia,COL,Americas,2014,1026,75.2
Colombia,COL,Americas,2015,1077,75.4
Colombia,COL,Americas,2016,1147,75.7
Colombia,COL,Americas,2017,1184,75.9
Colombia,COL,Americas,2018,1246,76.5
Colombia,COL,Americas,2019,1315,76.6
Colombia,COL,Americas,2020,1379,76.7
Colombia,COL,Americas,2021,1635,76.8
Colombia,COL,Americas,2022,1633,76.9
Costa Rica,CRI,Americas,2011,1168,79.1
Costa Rica,CRI,Americas,2012,1209,79.4
Costa Rica,CRI,Americas,2013,1229,79.6
Costa Rica,CRI,Americas,2014,1302,79.7
Costa Rica,CRI,Americas,2015,1372,79.9
Costa Rica,CRI,Americas,2016,1403,80.0
Costa Rica,CRI,Americas,2017,1437,80.2
Costa Rica,CRI,Americas,2018,1522,80.3
Costa Rica,CRI,Americas,2019,1604,80.5
Costa Rica,CRI,Americas,2020,1581,80.6
Costa Rica,CRI,Americas,2021,1709,80.8
Costa Rica,CRI,Americas,2022,1759,80.9
Croatia,HRV,Central and Eastern Europe,2011,1435,77.2
Croatia,HRV,Central and Eastern Europe,2012,1455,77.3
Croatia,HRV,Central and Eastern Europe,2013,1296,77.8
Croatia,HRV,Central and Eastern Europe,2014,1373,77.9
Croatia,HRV,Central and Eastern Europe,2015,1448,77.5
Croatia,HRV,Central and Eastern Europe,2016,1592,78.2
Croatia,HRV,Central and Eastern Europe,2017,1688,78.0
Croatia,HRV,Central and Eastern Europe,2018,1831,78.2
Croatia,HRV,Central and Eastern Europe,2019,2020,78.6
Croatia,HRV,Central and Eastern Europe,2020,2167,77.6
Croatia,HRV,Central and Eastern Europe,2021,2718,76.6
Croatia,HRV,Central and Eastern Europe,2022,2768,77.7
Czechia,CZE,Central and Eastern Europe,2011,2220,78.0
Czechia,CZE,Central and Eastern Europe,2012,2275,78.1
Czechia,CZE,Central and Eastern Europe,2013,2377,78.3
Czechia,CZE,Central and Eastern Europe,2014,2564,78.9
Czechia,CZE,Central and Eastern Europe,2015,2594,78.7
Czechia,CZE,Central and Eastern Europe,2016,2779,79.1
Czechia,CZE,Central and Eastern Europe,2017,2953,79.1
Czechia,CZE,Central and Eastern Europe,2018,3124,79.1
Czechia,CZE,Central and Eastern Europe,2019,3491,79.3
Czechia,CZE,Central and Eastern Europe,2020,4098,78.3
Czechia,CZE,Central and Eastern Europe,2021,4462,77.2
Czechia,CZE,Central and Eastern Europe,2022,4540,79.0
Denmark,DNK,Western Europe,2011,4266,79.9
Denmark,DNK,Western Europe,2012,4427,80.2
Denmark,DNK,Western Europe,2013,4517,80.4
Denmark,DNK,Western Europe,2014,4590,80.7
Denmark,DNK,Western Europe,2015,4719,80.8
Denmark,DNK,Western Europe,2016,4894,80.9
Denmark,DNK,Western Europe,2017,5113,81.1
Denmark,DNK,Western Europe,2018,5307,81.0
Denmark,DNK,Western Europe,2019,5657,81.5
Denmark,DNK,Western Europe,2020,6147,81.6
Denmark,DNK,Western Europe,2021,6913,81.5
Denmark,DNK,Western Europe,2022,6888,81.3
Estonia,EST,Central and Eastern Europe,2011,1466,76.6
Estonia,EST,Central and Eastern Europe,2012,1583,76.7
Estonia,EST,Central and Eastern Europe,2013,1708,77.5
Estonia,EST,Central and Eastern Europe,2014,1821,77.4
Estonia,EST,Central and Eastern Europe,2015,1942,78.0
Estonia,EST,Central and Eastern Europe,2016,2097,78.0
Estonia,EST,Central and Eastern Europe,2017,2201,78.4
Estonia,EST,Central and Eastern Europe,2018,2364,78.5
Estonia,EST,Central and Eastern Europe,2019,2614,79.0
Estonia,EST,Central and Eastern Europe,2020,2922,78.9
Estonia,EST,Central and Eastern Europe,2021,3176,77.2
Estonia,EST,Central and Eastern Europe,2022,3182,78.1
Finland,FIN,Western Europe,2011,3598,80.6
Finland,FIN,Western Europe,2012,3786,80.7
Finland,FIN,Western Europe,2013,3933,81.1
Finland,FIN,Western Europe,2014,3956,81.3
Finland,FIN,Western Europe,2015,3992,81.6
Finland,FIN,Western Europe,2016,4104,81.5
Finland,FIN,Western Europe,2017,4215,81.7
Finland,FIN,Western Europe,2018,4330,81.8
Finland,FIN,Western Europe,2019,4660,82.1
Finland,FIN,Western Europe,2020,4967,82.0
Finland,FIN,Western Europe,2021,5395,81.9
Finland,FIN,Western Europe,2022,5834,81.2
France,FRA,Western Europe,2011,4091,82.3
France,FRA,Western Europe,2012,4225,82.1
France,FRA,Western Europe,2013,4490,82.4
France,FRA,Western Europe,2014,4558,82.9
France,FRA,Western Europe,2015,4607,82.4
France,FRA,Western Europe,2016,4863,82.7
France,FRA,Western Europe,2017,4944,82.7
France,FRA,Western Europe,2018,5036,82.8
France,FRA,Western Europe,2019,5434,83.0
France,FRA,Western Europe,2020,5770,82.3
France,FRA,Western Europe,2021,6300,82.4
France,FRA,Western Europe,2022,6762,82.3
Germany,DEU,Western Europe,2011,4547,80.6
Germany,DEU,Western Europe,2012,4725,80.7
Germany,DEU,Western Europe,2013,4933,80.6
Germany,DEU,Western Europe,2014,5132,81.2
Germany,DEU,Western Europe,2015,5274,80.7
Germany,DEU,Western Europe,2016,5646,81.0
Germany,DEU,Western Europe,2017,5940,81.1
Germany,DEU,Western Europe,2018,6247,81.0
Germany,DEU,Western Europe,2019,6785,81.3
Germany,DEU,Western Europe,2020,7363,81.1
Germany,DEU,Western Europe,2021,8103,80.8
Germany,DEU,Western Europe,2022,8792,80.7
Greece,GRC,Western Europe,2011,2290,80.8
Greece,GRC,Western Europe,2012,2146,80.7
Greece,GRC,Western Europe,2013,2093,81.4
Greece,GRC,Western Europe,2014,2018,81.5
Greece,GRC,Western Europe,2015,2132,81.1
Greece,GRC,Western Europe,2016,2270,81.5
Greece,GRC,Western Europe,2017,2265,81.4
Greece,GRC,Western Europe,2018,2332,81.9
Greece,GRC,Western Europe,2019,2505,81.7
Greece,GRC,Western Europe,2020,2682,81.4
Greece,GRC,Western Europe,2021,2947,80.2
Greece,GRC,Western Europe,2022,3240,80.8
Hungary,HUN,Central and Eastern Europe,2011,1756,75.1
Hungary,HUN,Central and Eastern Europe,2012,1767,75.3
Hungary,HUN,Central and Eastern Europe,2013,1825,75.8
Hungary,HUN,Central and Eastern Europe,2014,1870,76.0
Hungary,HUN,Central and Eastern Europe,2015,1900,75.7
Hungary,HUN,Central and Eastern Europe,2016,2011,76.2
Hungary,HUN,Central and Eastern Europe,2017,2011,76.0
Hungary,HUN,Central and Eastern Europe,2018,2122,76.2
Hungary,HUN,Central and Eastern Europe,2019,2245,76.5
Hungary,HUN,Central and Eastern Europe,2020,2615,75.5
Hungary,HUN,Central and Eastern Europe,2021,2950,74.1
Hungary,HUN,Central and Eastern Europe,2022,3005,76.0
Iceland,ISL,Western Europe,2011,3334,82.4
Iceland,ISL,Western Europe,2012,3420,83.0
Iceland,ISL,Western Europe,2013,3520,82.1
Iceland,ISL,Western Europe,2014,3627,82.9
Iceland,ISL,Western Europe,2015,3762,82.5
Iceland,ISL,Western Europe,2016,3968,82.2
Iceland,ISL,Western Europe,2017,4143,82.6
Iceland,ISL,Western Europe,2018,4266,82.9
Iceland,ISL,Western Europe,2019,4634,83.2
Iceland,ISL,Western Europe,2020,5011,83.1
Iceland,ISL,Western Europe,2021,5556,83.2
Iceland,ISL,Western Europe,2022,6138,82.1
India,IND,Asia-Pacific,2011,158,67.6
India,IND,Asia-Pacific,2012,177,68.1
India,IND,Asia-Pacific,2013,206,68.5
India,IND,Asia-Pacific,2014,206,68.9
India,IND,Asia-Pacific,2015,213,69.3
India,IND,Asia-Pacific,2016,221,69.7
India,IND,Asia-Pacific,2017,192,70.1
India,IND,Asia-Pacific,2018,207,70.4
India,IND,Asia-Pacific,2019,228,70.7
India,IND,Asia-Pacific,2020,250,70.2
India,IND,Asia-Pacific,2021,297,67.3
India,IND,Asia-Pacific,2022,345,71.7
Indonesia,IDN,Asia-Pacific,2011,268,68.6
Indonesia,IDN,Asia-Pacific,2012,283,68.9
Indonesia,IDN,Asia-Pacific,2013,286,69.1
Indonesia,IDN,Asia-Pacific,2014,304,69.3
Indonesia,IDN,Asia-Pacific,2015,300,69.5
Indonesia,IDN,Asia-Pacific,2016,317,69.7
Indonesia,IDN,Asia-Pacific,2017,307,70.0
Indonesia,IDN,Asia-Pacific,2018,321,70.1
Indonesia,IDN,Asia-Pacific,2019,340,70.3
Indonesia,IDN,Asia-Pacific,2020,402,68.8
Indonesia,IDN,Asia-Pacific,2021,476,67.5
Indonesia,IDN,Asia-Pacific,2022,386,70.9
Ireland,IRL,Western Europe,2011,4181,80.9
Ireland,IRL,Western Europe,2012,4327,80.9
Ireland,IRL,Western Europe,2013,4258,81.0
Ireland,IRL,Western Europe,2014,4192,81.4
Ireland,IRL,Western Europe,2015,4303,81.5
Ireland,IRL,Western Europe,2016,4556,81.7
Ireland,IRL,Western Europe,2017,4676,82.2
Ireland,IRL,Western Europe,2018,4855,82.2
Ireland,IRL,Western Europe,2019,5184,82.8
Ireland,IRL,Western Europe,2020,5585,82.5
Ireland,IRL,Western Europe,2021,6189,82.3
Ireland,IRL,Western Europe,2022,6864,82.6
Israel,ISR,Middle East and Africa,2011,2082,81.8
Israel,ISR,Middle East and Africa,2012,2223,81.8
Israel,ISR,Middle East and Africa,2013,2238,82.1
Israel,ISR,Middle East and Africa,2014,2238,82.2
Israel,ISR,Middle East and Africa,2015,2310,82.2
Israel,ISR,Middle East and Africa,2016,2524,82.5
Israel,ISR,Middle East and Africa,2017,2626,82.7
Israel,ISR,Middle East and Africa,2018,2749,82.9
Israel,ISR,Middle East and Africa,2019,2812,82.9
Israel,ISR,Middle East and Africa,2020,3015,82.7
Israel,ISR,Middle East and Africa,2021,3476,82.6
Israel,ISR,Middle East and Africa,2022,3724,82.8
Italy,ITA,Western Europe,2011,3065,82.4
Italy,ITA,Western Europe,2012,3059,82.4
Italy,ITA,Western Europe,2013,3060,82.9
Italy,ITA,Western Europe,2014,3073,83.2
Italy,ITA,Western Europe,2015,3126,82.7
Italy,ITA,Western Europe,2016,3318,83.4
Italy,ITA,Western Europe,2017,3427,83.1
Italy,ITA,Western Europe,2018,3529,83.4
Italy,ITA,Western Europe,2019,3798,83.6
Italy,ITA,Western Europe,2020,4027,82.3
Italy,ITA,Western Europe,2021,4409,82.7
Italy,ITA,Western Europe,2022,4865,82.8
Japan,JPN,Asia-Pacific,2011,3741,82.7
Japan,JPN,Asia-Pacific,2012,3971,83.2
Japan,JPN,Asia-Pacific,2013,4308,83.4
Japan,JPN,Asia-Pacific,2014,4328,83.7
Japan,JPN,Asia-Pacific,2015,4516,83.9
Japan,JPN,Asia-Pacific,2016,4292,84.1
Japan,JPN,Asia-Pacific,2017,4405,84.2
Japan,JPN,Asia-Pacific,2018,4543,84.3
Japan,JPN,Asia-Pacific,2019,4660,84.4
Japan,JPN,Asia-Pacific,2020,4859,84.6
Japan,JPN,Asia-Pacific,2021,5465,84.5
Japan,JPN,Asia-Pacific,2022,5878,84.1
Korea,KOR,Asia-Pacific,2011,2014,80.6
Korea,KOR,Asia-Pacific,2012,2102,80.9
Korea,KOR,Asia-Pacific,2013,2164,81.4
Korea,KOR,Asia-Pacific,2014,2256,81.8
Korea,KOR,Asia-Pacific,2015,2538,82.1
Korea,KOR,Asia-Pacific,2016,2690,82.4
Korea,KOR,Asia-Pacific,2017,2832,82.7
Korea,KOR,Asia-Pacific,2018,3091,82.7
Korea,KOR,Asia-Pacific,2019,3375,83.3
Korea,KOR,Asia-Pacific,2020,3618,83.5
Korea,KOR,Asia-Pacific,2021,4106,83.6
Korea,KOR,Asia-Pacific,2022,4715,82.7
Latvia,LVA,Central and Eastern Europe,2011,1027,73.9
Latvia,LVA,Central and Eastern Europe,2012,1086,74.1
Latvia,LVA,Central and Eastern Europe,2013,1152,74.3
Latvia,LVA,Central and Eastern Europe,2014,1214,74.5
Latvia,LVA,Central and Eastern Europe,2015,1319,74.8
Latvia,LVA,Central and Eastern Europe,2016,1508,74.9
Latvia,LVA,Central and Eastern Europe,2017,1573,74.9
Latvia,LVA,Central and Eastern Europe,2018,1861,75.1
Latvia,LVA,Central and Eastern Europe,2019,2158,75.7
Latvia,LVA,Central and Eastern Europe,2020,2403,75.5
Latvia,LVA,Central and Eastern Europe,2021,3495,73.1
Latvia,LVA,Central and Eastern Europe,2022,3287,74.5
Lithuania,LTU,Central and Eastern Europe,2011,1416,73.7
Lithuania,LTU,Central and Eastern Europe,2012,1473,74.1
Lithuania,LTU,Central and Eastern Europe,2013,1555,74.1
Lithuania,LTU,Central and Eastern Europe,2014,1678,74.7
Lithuania,LTU,Central and Eastern Europe,2015,1797,74.6
Lithuania,LTU,Central and Eastern Europe,2016,1954,74.9
Lithuania,LTU,Central and Eastern Europe,2017,2082,75.8
Lithuania,LTU,Central and Eastern Europe,2018,2382,76.0
Lithuania,LTU,Central and Eastern Europe,2019,2852,76.5
Lithuania,LTU,Central and Eastern Europe,2020,3092,75.2
Lithuania,LTU,Central and Eastern Europe,2021,3601,74.2
Lithuania,LTU,Central and Eastern Europe,2022,3712,75.8
Luxembourg,LUX,Western Europe,2011,4831,81.1
Luxembourg,LUX,Western Europe,2012,4425,81.5
Luxembourg,LUX,Western Europe,2013,4637,81.9
Luxembourg,LUX,Western Europe,2014,4707,82.3
Luxembourg,LUX,Western Europe,2015,4692,82.4
Luxembourg,LUX,Western Europe,2016,4876,82.7
Luxembourg,LUX,Western Europe,2017,4989,82.1
Luxembourg,LUX,Western Europe,2018,5292,82.3
Luxembourg,LUX,Western Europe,2019,5621,82.7
Luxembourg,LUX,Western Europe,2020,5859,82.2
Luxembourg,LUX,Western Europe,2021,6432,82.7
Luxembourg,LUX,Western Europe,2022,7145,83.0
Mexico,MEX,Americas,2011,893,74.8
Mexico,MEX,Americas,2012,960,74.9
Mexico,MEX,Americas,2013,989,75.2
Mexico,MEX,Americas,2014,975,75.1
Mexico,MEX,Americas,2015,1036,75.1
Mexico,MEX,Americas,2016,1081,74.8
Mexico,MEX,Americas,2017,1067,74.8
Mexico,MEX,Americas,2018,1089,74.9
Mexico,MEX,Americas,2019,1102,74.8
Mexico,MEX,Americas,2020,1184,68.9
Mexico,MEX,Americas,2021,1253,68.8
Mexico,MEX,Americas,2022,1377,75.2
Netherlands,NLD,Western Europe,2011,4567,81.3
Netherlands,NLD,Western Europe,2012,4782,81.2
Netherlands,NLD,Western Europe,2013,4924,81.4
Netherlands,NLD,Western Europe,2014,4935,81.8
Netherlands,NLD,Western Europe,2015,4927,81.6
Netherlands,NLD,Western Europe,2016,5096,81.7
Netherlands,NLD,Western Europe,2017,5254,81.8
Netherlands,NLD,Western Europe,2018,5482,81.9
Netherlands,NLD,Western Europe,2019,5908,82.2
Netherlands,NLD,Western Europe,2020,6516,81.4
Netherlands,NLD,Western Europe,2021,7333,81.4
Netherlands,NLD,Western Europe,2022,7726,81.7
New Zealand,NZL,Asia-Pacific,2011,3000,81.0
New Zealand,NZL,Asia-Pacific,2012,3095,81.2
New Zealand,NZL,Asia-Pacific,2013,3238,81.4
New Zealand,NZL,Asia-Pacific,2014,3335,81.4
New Zealand,NZL,Asia-Pacific,2015,3355,81.5
New Zealand,NZL,Asia-Pacific,2016,3546,81.6
New Zealand,NZL,Asia-Pacific,2017,3695,81.7
New Zealand,NZL,Asia-Pacific,2018,3712,81.7
New Zealand,NZL,Asia-Pacific,2019,4004,82.1
New Zealand,NZL,Asia-Pacific,2020,4353,82.3
New Zealand,NZL,Asia-Pacific,2021,4869,82.3
New Zealand,NZL,Asia-Pacific,2022,6159,82.0
Norway,NOR,Western Europe,2011,4965,81.4
Norway,NOR,Western Europe,2012,5210,81.5
Norway,NOR,Western Europe,2013,5485,81.8
Norway,NOR,Western Europe,2014,5707,82.2
Norway,NOR,Western Europe,2015,5725,82.4
Norway,NOR,Western Europe,2016,5902,82.5
Norway,NOR,Western Europe,2017,6234,82.7
Norway,NOR,Western Europe,2018,6495,82.8
Norway,NOR,Western Europe,2019,6908,83.0
Norway,NOR,Western Europe,2020,7221,83.3
Norway,NOR,Western Europe,2021,7890,83.2
Norway,NOR,Western Europe,2022,8642,82.5
Peru,PER,Americas,2011,500,74.7
Peru,PER,Americas,2012,549,75.0
Peru,PER,Americas,2013,571,75.3
Peru,PER,Americas,2014,602,75.6
Peru,PER,Americas,2015,605,75.9
Peru,PER,Americas,2016,622,76.1
Peru,PER,Americas,2017,618,76.4
Peru,PER,Americas,2018,679,76.6
Peru,PER,Americas,2019,706,76.7
Peru,PER,Americas,2020,817,76.9
Peru,PER,Americas,2021,1020,77.0
Peru,PER,Americas,2022,1010,77.1
Poland,POL,Central and Eastern Europe,2011,1497,76.8
Poland,POL,Central and Eastern Europe,2012,1579,76.9
Poland,POL,Central and Eastern Europe,2013,1671,77.1
Poland,POL,Central and Eastern Europe,2014,1687,77.8
Poland,POL,Central and Eastern Europe,2015,1819,77.5
Poland,POL,Central and Eastern Europe,2016,1959,78.0
Poland,POL,Central and Eastern Europe,2017,2063,77.8
Poland,POL,Central and Eastern Europe,2018,2107,77.7
Poland,POL,Central and Eastern Europe,2019,2392,78.0
Poland,POL,Central and Eastern Europe,2020,2510,76.4
Poland,POL,Central and Eastern Europe,2021,2788,75.4
Poland,POL,Central and Eastern Europe,2022,3263,77.2
Portugal,PRT,Western Europe,2011,2470,80.7
Portugal,PRT,Western Europe,2012,2435,80.6
Portugal,PRT,Western Europe,2013,2519,80.9
Portugal,PRT,Western Europe,2014,2555,81.3
Portugal,PRT,Western Europe,2015,2653,81.3
Portugal,PRT,Western Europe,2016,2829,81.3
Portugal,PRT,Western Europe,2017,2922,81.6
Portugal,PRT,Western Europe,2018,3146,81.5
Portugal,PRT,Western Europe,2019,3445,81.9
Portugal,PRT,Western Europe,2020,3599,81.5
Portugal,PRT,Western Europe,2021,4208,81.5
Portugal,PRT,Western Europe,2022,4690,81.8
Romania,ROU,Central and Eastern Europe,2011,794,74.4
Romania,ROU,Central and Eastern Europe,2012,836,74.4
Romania,ROU,Central and Eastern Europe,2013,969,75.1
Romania,ROU,Central and Eastern Europe,2014,989,75.0
Romania,ROU,Central and Eastern Europe,2015,1021,74.9
Romania,ROU,Central and Eastern Europe,2016,1169,75.2
Romania,ROU,Central and Eastern Europe,2017,1326,75.2
Romania,ROU,Central and Eastern Europe,2018,1575,75.3
Romania,ROU,Central and Eastern Europe,2019,1853,75.6
Romania,ROU,Central and Eastern Europe,2020,2076,74.2
Romania,ROU,Central and Eastern Europe,2021,2397,72.8
Romania,ROU,Central and Eastern Europe,2022,2386,75.1
Slovak Republic,SVK,Central and Eastern Europe,2011,1975,76.1
Slovak Republic,SVK,Central and Eastern Europe,2012,2097,76.3
Slovak Republic,SVK,Central and Eastern Europe,2013,2154,76.6
Slovak Republic,SVK,Central and Eastern Europe,2014,2010,77.0
Slovak Republic,SVK,Central and Eastern Europe,2015,2059,76.7
Slovak Republic,SVK,Central and Eastern Europe,2016,2040,77.3
Slovak Republic,SVK,Central and Eastern Europe,2017,1974,77.3
Slovak Republic,SVK,Central and Eastern Europe,2018,2009,77.4
Slovak Republic,SVK,Central and Eastern Europe,2019,2283,77.8
Slovak Republic,SVK,Central and Eastern Europe,2020,2449,77.0
Slovak Republic,SVK,Central and Eastern Europe,2021,2922,74.6
Slovak Republic,SVK,Central and Eastern Europe,2022,3186,77.0
Slovenia,SVN,Central and Eastern Europe,2011,2377,80.1
Slovenia,SVN,Central and Eastern Europe,2012,2431,80.3
Slovenia,SVN,Central and Eastern Europe,2013,2495,80.5
Slovenia,SVN,Central and Eastern Europe,2014,2499,81.2
Slovenia,SVN,Central and Eastern Europe,2015,2579,80.9
Slovenia,SVN,Central and Eastern Europe,2016,2738,81.2
Slovenia,SVN,Central and Eastern Europe,2017,2833,81.2
Slovenia,SVN,Central and Eastern Europe,2018,3045,81.5
Slovenia,SVN,Central and Eastern Europe,2019,3435,81.6
Slovenia,SVN,Central and Eastern Europe,2020,3756,80.6
Slovenia,SVN,Central and Eastern Europe,2021,4204,80.7
Slovenia,SVN,Central and Eastern Europe,2022,4814,81.3
South Africa,ZAF,Middle East and Africa,2011,1065,60.6
South Africa,ZAF,Middle East and Africa,2012,1093,61.7
South Africa,ZAF,Middle East and Africa,2013,1135,62.4
South Africa,ZAF,Middle East and Africa,2014,1099,63.2
South Africa,ZAF,Middle East and Africa,2015,1135,64.1
South Africa,ZAF,Middle East and Africa,2016,1148,64.7
South Africa,ZAF,Middle East and Africa,2017,1138,65.4
South Africa,ZAF,Middle East and Africa,2018,1129,65.7
South Africa,ZAF,Middle East and Africa,2019,1152,66.1
South Africa,ZAF,Middle East and Africa,2020,1199,65.2
South Africa,ZAF,Middle East and Africa,2021,1245,62.0
South Africa,ZAF,Middle East and Africa,2022,1354,65.5
Spain,ESP,Western Europe,2011,2761,82.6
Spain,ESP,Western Europe,2012,2760,82.5
Spain,ESP,Western Europe,2013,2801,83.2
Spain,ESP,Western Europe,2014,2897,83.3
Spain,ESP,Western Europe,2015,3064,83.0
Spain,ESP,Western Europe,2016,3198,83.5
Spain,ESP,Western Europe,2017,3370,83.4
Spain,ESP,Western Europe,2018,3481,83.5
Spain,ESP,Western Europe,2019,3822,84.0
Spain,ESP,Western Europe,2020,3996,82.3
Spain,ESP,Western Europe,2021,4405,83.3
Spain,ESP,Western Europe,2022,4841,83.2
Sweden,SWE,Western Europe,2011,4468,81.9
Sweden,SWE,Western Europe,2012,4699,81.8
Sweden,SWE,Western Europe,2013,4746,82.0
Sweden,SWE,Western Europe,2014,4885,82.3
Sweden,SWE,Western Europe,2015,5029,82.2
Sweden,SWE,Western Europe,2016,5162,82.4
Sweden,SWE,Western Europe,2017,5249,82.5
Sweden,SWE,Western Europe,2018,5451,82.6
Sweden,SWE,Western Europe,2019,5791,83.2
Sweden,SWE,Western Europe,2020,6068,82.4
Sweden,SWE,Western Europe,2021,6616,83.1
Sweden,SWE,Western Europe,2022,7057,83.1
Switzerland,CHE,Western Europe,2011,5259,82.8
Switzerland,CHE,Western Europe,2012,5566,82.8
Switzerland,CHE,Western Europe,2013,5944,82.9
Switzerland,CHE,Western Europe,2014,6126,83.3
Switzerland,CHE,Western Europe,2015,6377,83.0
Switzerland,CHE,Western Europe,2016,6674,83.7
Switzerland,CHE,Western Europe,2017,6713,83.7
Switzerland,CHE,Western Europe,2018,6838,83.8
Switzerland,CHE,Western Europe,2019,7356,84.0
Switzerland,CHE,Western Europe,2020,7621,83.1
Switzerland,CHE,Western Europe,2021,8392,83.9
Switzerland,CHE,Western Europe,2022,9089,83.7
Thailand,THA,Asia-Pacific,2011,496,75.3
Thailand,THA,Asia-Pacific,2012,543,75.6
Thailand,THA,Asia-Pacific,2013,545,76.0
Thailand,THA,Asia-Pacific,2014,584,76.3
Thailand,THA,Asia-Pacific,2015,627,76.6
Thailand,THA,Asia-Pacific,2016,671,76.8
Thailand,THA,Asia-Pacific,2017,713,77.0
Thailand,THA,Asia-Pacific,2018,764,77.2
Thailand,THA,Asia-Pacific,2019,787,77.2
Thailand,THA,Asia-Pacific,2020,862,77.3
Thailand,THA,Asia-Pacific,2021,1077,77.6
Thailand,THA,Asia-Pacific,2022,1230,75.3
Türkiye,TUR,Middle East and Africa,2011,888,74.6
Türkiye,TUR,Middle East and Africa,2012,895,74.6
Türkiye,TUR,Middle East and Africa,2013,948,78.0
Türkiye,TUR,Middle East and Africa,2014,1007,78.0
Türkiye,TUR,Middle East and Africa,2015,1040,78.0
Türkiye,TUR,Middle East and Africa,2016,1129,78.0
Türkiye,TUR,Middle East and Africa,2017,1176,78.3
Türkiye,TUR,Middle East and Africa,2018,1205,78.6
Türkiye,TUR,Middle East and Africa,2019,1311,78.3
Türkiye,TUR,Middle East and Africa,2020,1382,77.7
Türkiye,TUR,Middle East and Africa,2021,1588,77.5
Türkiye,TUR,Middle East and Africa,2022,1654,77.3
Ukraine,UKR,Central and Eastern Europe,2011,679,70.7
Ukraine,UKR,Central and Eastern Europe,2012,752,71.1
Ukraine,UKR,Central and Eastern Europe,2013,791,71.5
Ukraine,UKR,Central and Eastern Europe,2014,800,71.8
Ukraine,UKR,Central and Eastern Europe,2015,819,72.7
Ukraine,UKR,Central and Eastern Europe,2016,871,73.4
Ukraine,UKR,Central and Eastern Europe,2017,911,74.0
Ukraine,UKR,Central and Eastern Europe,2018,965,73.6
Ukraine,UKR,Central and Eastern Europe,2019,996,73.9
Ukraine,UKR,Central and Eastern Europe,2020,1161,73.3
Ukraine,UKR,Central and Eastern Europe,2021,1512,71.6
United Kingdom,GBR,Western Europe,2011,3456,80.7
United Kingdom,GBR,Western Europe,2012,3630,80.8
United Kingdom,GBR,Western Europe,2013,3691,80.9
United Kingdom,GBR,Western Europe,2014,3787,81.1
United Kingdom,GBR,Western Europe,2015,3848,80.9
United Kingdom,GBR,Western Europe,2016,3997,81.0
United Kingdom,GBR,Western Europe,2017,4102,81.1
United Kingdom,GBR,Western Europe,2018,4223,81.0
United Kingdom,GBR,Western Europe,2019,4573,81.4
United Kingdom,GBR,Western Europe,2020,5409,80.3
United Kingdom,GBR,Western Europe,2021,5824,80.5
United Kingdom,GBR,Western Europe,2022,6274,80.9
United States,USA,Americas,2011,8073,78.7
United States,USA,Americas,2012,8339,78.8
United States,USA,Americas,2013,8512,78.8
United States,USA,Americas,2014,8928,78.9
United States,USA,Americas,2015,9360,78.7
United States,USA,Americas,2016,9727,78.7
United States,USA,Americas,2017,10045,78.6
United States,USA,Americas,2018,10486,78.7
United States,USA,Americas,2019,10922,78.8
United States,USA,Americas,2020,12077,77.0
United States,USA,Americas,2021,12524,76.4
United States,USA,Americas,2022,13062,77.5
